kind,etag,id,channel_id,snippet.publishedAt,snippet.channelId,snippet.title,snippet.description,snippet.thumbnails.default.url,snippet.thumbnails.default.width,snippet.thumbnails.default.height,snippet.thumbnails.medium.url,snippet.thumbnails.medium.width,snippet.thumbnails.medium.height,snippet.thumbnails.high.url,snippet.thumbnails.high.width,snippet.thumbnails.high.height,snippet.thumbnails.standard.url,snippet.thumbnails.standard.width,snippet.thumbnails.standard.height,snippet.thumbnails.maxres.url,snippet.thumbnails.maxres.width,snippet.thumbnails.maxres.height,snippet.channelTitle,snippet.categoryId,snippet.liveBroadcastContent,snippet.localized.title,snippet.localized.description,statistics.viewCount,statistics.likeCount,statistics.favoriteCount,statistics.commentCount,snippet.tags
youtube#video,1SYcCQMYaBSHi3SWaCz4Tqz_GCg,6pXf3NOZqvE,UCIf54-aXt1pqliaehOHX-ow,2025-06-12T20:23:11Z,UCIf54-aXt1pqliaehOHX-ow,"Jean Michel Jarre - Oxyg√®ne, Pt.4 (Piano Version)       Arranged by: @PatrikPietschmann",,https://i.ytimg.com/vi/6pXf3NOZqvE/default.jpg,120,90,https://i.ytimg.com/vi/6pXf3NOZqvE/mqdefault.jpg,320,180,https://i.ytimg.com/vi/6pXf3NOZqvE/hqdefault.jpg,480,360,https://i.ytimg.com/vi/6pXf3NOZqvE/sddefault.jpg,640,480,https://i.ytimg.com/vi/6pXf3NOZqvE/maxresdefault.jpg,1280.0,720.0,RB Music Piano,10,none,"Jean Michel Jarre - Oxyg√®ne, Pt.4 (Piano Version)       Arranged by: @PatrikPietschmann",,4913,64,0,11,
youtube#video,y4zOaLsU3TrNNNlu9ci1EFuai0M,Yw-ii10U8go,UCIf54-aXt1pqliaehOHX-ow,2025-02-21T20:58:12Z,UCIf54-aXt1pqliaehOHX-ow,Jarrod Radnich - I Saw Three Ships (Piano Version),"Jarrod Radnich - I Saw Three Ships (Piano Version) 

Arranged by:  @JarrodRadnichMusic 
Performed & Interpreted by: @RBMusicPiano 

Hello Everyone!

I'm finally happy to publish a new video! After a lot of work, I'm excited to share my interpretation of Jarrod Radnich's virtuosic piano arrangement of I Saw Three Ships. This piece is full of energy, and I hope you enjoy listening to it as much as I loved playing it!

With every video I work on, I try to improve the quality, and I hope you can see that in this one. Let me know what you think in the comments below, your feedback means a lot to me.

See you in the next video!",https://i.ytimg.com/vi/Yw-ii10U8go/default.jpg,120,90,https://i.ytimg.com/vi/Yw-ii10U8go/mqdefault.jpg,320,180,https://i.ytimg.com/vi/Yw-ii10U8go/hqdefault.jpg,480,360,https://i.ytimg.com/vi/Yw-ii10U8go/sddefault.jpg,640,480,https://i.ytimg.com/vi/Yw-ii10U8go/maxresdefault.jpg,1280.0,720.0,RB Music Piano,10,none,Jarrod Radnich - I Saw Three Ships (Piano Version),"Jarrod Radnich - I Saw Three Ships (Piano Version) 

Arranged by:  @JarrodRadnichMusic 
Performed & Interpreted by: @RBMusicPiano 

Hello Everyone!

I'm finally happy to publish a new video! After a lot of work, I'm excited to share my interpretation of Jarrod Radnich's virtuosic piano arrangement of I Saw Three Ships. This piece is full of energy, and I hope you enjoy listening to it as much as I loved playing it!

With every video I work on, I try to improve the quality, and I hope you can see that in this one. Let me know what you think in the comments below, your feedback means a lot to me.

See you in the next video!",763,41,0,20,
youtube#video,PtfKtvFewFEg0eHynD5Nu7Invyw,BQiN_ekIEO0,UCIf54-aXt1pqliaehOHX-ow,2025-01-25T20:12:33Z,UCIf54-aXt1pqliaehOHX-ow,Jarrod Radnich - I Saw Three Ships (Piano Version),,https://i.ytimg.com/vi/BQiN_ekIEO0/default.jpg,120,90,https://i.ytimg.com/vi/BQiN_ekIEO0/mqdefault.jpg,320,180,https://i.ytimg.com/vi/BQiN_ekIEO0/hqdefault.jpg,480,360,https://i.ytimg.com/vi/BQiN_ekIEO0/sddefault.jpg,640,480,https://i.ytimg.com/vi/BQiN_ekIEO0/maxresdefault.jpg,1280.0,720.0,RB Music Piano,10,none,Jarrod Radnich - I Saw Three Ships (Piano Version),,347,23,0,12,
youtube#video,oRcs--ISYkonU3ByW61YCxthHgA,wL1SHqt1MUs,UCIf54-aXt1pqliaehOHX-ow,2024-11-07T10:00:20Z,UCIf54-aXt1pqliaehOHX-ow,Part 4: Clean Bandit - Symphony (feat. Zara Larsson) üéπ,,https://i.ytimg.com/vi/wL1SHqt1MUs/default.jpg,120,90,https://i.ytimg.com/vi/wL1SHqt1MUs/mqdefault.jpg,320,180,https://i.ytimg.com/vi/wL1SHqt1MUs/hqdefault.jpg,480,360,https://i.ytimg.com/vi/wL1SHqt1MUs/sddefault.jpg,640,480,https://i.ytimg.com/vi/wL1SHqt1MUs/maxresdefault.jpg,1280.0,720.0,RB Music Piano,10,none,Part 4: Clean Bandit - Symphony (feat. Zara Larsson) üéπ,,808,49,0,1,
youtube#video,dKt63TWi7qf-IrUlGiFo_ZKg-x4,2TEUYULrUW4,UCIf54-aXt1pqliaehOHX-ow,2024-11-07T09:56:30Z,UCIf54-aXt1pqliaehOHX-ow,Part 3: Clean Bandit - Symphony (feat. Zara Larsson) üéπ,,https://i.ytimg.com/vi/2TEUYULrUW4/default.jpg,120,90,https://i.ytimg.com/vi/2TEUYULrUW4/mqdefault.jpg,320,180,https://i.ytimg.com/vi/2TEUYULrUW4/hqdefault.jpg,480,360,https://i.ytimg.com/vi/2TEUYULrUW4/sddefault.jpg,640,480,https://i.ytimg.com/vi/2TEUYULrUW4/maxresdefault.jpg,1280.0,720.0,RB Music Piano,10,none,Part 3: Clean Bandit - Symphony (feat. Zara Larsson) üéπ,,670,48,0,2,
youtube#video,peeo2UP3M6kD85Y5eDBdNdQiqcM,x0rY6oH51oM,UCIf54-aXt1pqliaehOHX-ow,2024-11-07T09:53:36Z,UCIf54-aXt1pqliaehOHX-ow,Part 2: Clean Bandit - Symphony (feat. Zara Larsson) üéπ,,https://i.ytimg.com/vi/x0rY6oH51oM/default.jpg,120,90,https://i.ytimg.com/vi/x0rY6oH51oM/mqdefault.jpg,320,180,https://i.ytimg.com/vi/x0rY6oH51oM/hqdefault.jpg,480,360,https://i.ytimg.com/vi/x0rY6oH51oM/sddefault.jpg,640,480,https://i.ytimg.com/vi/x0rY6oH51oM/maxresdefault.jpg,1280.0,720.0,RB Music Piano,10,none,Part 2: Clean Bandit - Symphony (feat. Zara Larsson) üéπ,,690,28,0,1,
youtube#video,DNkM_qLZXcso7l8wk-hSyTfheSs,D-bymh_JL4s,UCIf54-aXt1pqliaehOHX-ow,2024-11-07T09:50:34Z,UCIf54-aXt1pqliaehOHX-ow,Part 1: Clean Bandit - Symphony (feat. Zara Larsson) üéπ,,https://i.ytimg.com/vi/D-bymh_JL4s/default.jpg,120,90,https://i.ytimg.com/vi/D-bymh_JL4s/mqdefault.jpg,320,180,https://i.ytimg.com/vi/D-bymh_JL4s/hqdefault.jpg,480,360,https://i.ytimg.com/vi/D-bymh_JL4s/sddefault.jpg,640,480,https://i.ytimg.com/vi/D-bymh_JL4s/maxresdefault.jpg,1280.0,720.0,RB Music Piano,10,none,Part 1: Clean Bandit - Symphony (feat. Zara Larsson) üéπ,,685,36,0,1,
youtube#video,1jMAYVlFs85QlfkSVJV1TloGznc,l1baIFwire0,UCIf54-aXt1pqliaehOHX-ow,2024-11-04T18:34:13Z,UCIf54-aXt1pqliaehOHX-ow,The Chronicles of Narnia - Main Theme (Piano Version),"Hello everyone! I'm glad to finally be back with another video! For this video, I decided to bring my rendition of ""The Chronicles of Narnia"", originally composed by Harry Gregson-Williams and arranged for piano by @PatrikPietschmann  , with a small modification of my own. Hope you enjoy it, let me know what you think in the comments!",https://i.ytimg.com/vi/l1baIFwire0/default.jpg,120,90,https://i.ytimg.com/vi/l1baIFwire0/mqdefault.jpg,320,180,https://i.ytimg.com/vi/l1baIFwire0/hqdefault.jpg,480,360,https://i.ytimg.com/vi/l1baIFwire0/sddefault.jpg,640,480,https://i.ytimg.com/vi/l1baIFwire0/maxresdefault.jpg,1280.0,720.0,RB Music Piano,10,none,The Chronicles of Narnia - Main Theme (Piano Version),"Hello everyone! I'm glad to finally be back with another video! For this video, I decided to bring my rendition of ""The Chronicles of Narnia"", originally composed by Harry Gregson-Williams and arranged for piano by @PatrikPietschmann  , with a small modification of my own. Hope you enjoy it, let me know what you think in the comments!",3076,91,0,11,
youtube#video,7S6jvtuu7owXx_G8TDb8ZpZjv6U,skoOa0Rj2xo,UCIf54-aXt1pqliaehOHX-ow,2024-07-05T09:47:23Z,UCIf54-aXt1pqliaehOHX-ow,Pirates of the Caribbean 3 - Up Is Down (Piano Version),"Pirates of the Caribbean 3 - Up Is Down (Piano Version)

Composed by: Hans Zimmer
Arranged by: @PatrikPietschmann 
Performed & interpreted by: @RBMusicPiano 

Enjoy :)",https://i.ytimg.com/vi/skoOa0Rj2xo/default.jpg,120,90,https://i.ytimg.com/vi/skoOa0Rj2xo/mqdefault.jpg,320,180,https://i.ytimg.com/vi/skoOa0Rj2xo/hqdefault.jpg,480,360,https://i.ytimg.com/vi/skoOa0Rj2xo/sddefault.jpg,640,480,https://i.ytimg.com/vi/skoOa0Rj2xo/maxresdefault.jpg,1280.0,720.0,RB Music Piano,10,none,Pirates of the Caribbean 3 - Up Is Down (Piano Version),"Pirates of the Caribbean 3 - Up Is Down (Piano Version)

Composed by: Hans Zimmer
Arranged by: @PatrikPietschmann 
Performed & interpreted by: @RBMusicPiano 

Enjoy :)",2599,111,0,11,
youtube#video,8OBXnLVP6jFu9DtAKGMrM0jN59k,7nIFo7j8-kQ,UCIf54-aXt1pqliaehOHX-ow,2024-05-07T15:37:09Z,UCIf54-aXt1pqliaehOHX-ow,Billie Eilish - No Time To Die (Piano Version) [Remake],"Billie Eilish - No Time To Die (Piano Version) [Remake]

Hello Everyone! 

In today's video, I'm taking a trip down memory lane by remaking my very first YouTube upload. It's been two years since I first hit that record button... time sure does fly! 

That being said, I will once again give credit to @PatrikPietschmann for creating this incredible arrangement.

Another reason behind this remake was to see the progress since I first hit that record button and compare this video to my first one on the channel. From the technical aspects to the overall quality of content, it's been a rollercoaster ride of learning and improvement. I'm genuinely pleased with the results. Your support means the world to me, and I can't wait to continue this journey together.

Thank you.",https://i.ytimg.com/vi/7nIFo7j8-kQ/default.jpg,120,90,https://i.ytimg.com/vi/7nIFo7j8-kQ/mqdefault.jpg,320,180,https://i.ytimg.com/vi/7nIFo7j8-kQ/hqdefault.jpg,480,360,https://i.ytimg.com/vi/7nIFo7j8-kQ/sddefault.jpg,640,480,https://i.ytimg.com/vi/7nIFo7j8-kQ/maxresdefault.jpg,1280.0,720.0,RB Music Piano,10,none,Billie Eilish - No Time To Die (Piano Version) [Remake],"Billie Eilish - No Time To Die (Piano Version) [Remake]

Hello Everyone! 

In today's video, I'm taking a trip down memory lane by remaking my very first YouTube upload. It's been two years since I first hit that record button... time sure does fly! 

That being said, I will once again give credit to @PatrikPietschmann for creating this incredible arrangement.

Another reason behind this remake was to see the progress since I first hit that record button and compare this video to my first one on the channel. From the technical aspects to the overall quality of content, it's been a rollercoaster ride of learning and improvement. I'm genuinely pleased with the results. Your support means the world to me, and I can't wait to continue this journey together.

Thank you.",1887,72,0,11,
youtube#video,AesQhg0smMQE6kb1FqgOuU1QV4I,xmQZLHz-N0o,UCIf54-aXt1pqliaehOHX-ow,2024-04-24T09:55:19Z,UCIf54-aXt1pqliaehOHX-ow,Adele - Skyfall (Piano Version),"Adele - Skyfall (Piano Version)
Piano Version by RB Music Piano

Sheet Musicüéº: https://www.musicnotes.com/marketplace/sheetmusic/MK0076953

Composed by: Adele & Thomas Newman
Arranged by: RB Music Piano

Hello Everyone!

For this video, I decided to bring an arrangement of my own for Adele's theme song ""Skyfall."" Drawing inspiration from the film's gripping atmosphere and Adele's powerful vocals, my arrangement aims to capture the essence of the original while adding my own unique twist.

In this arrangement, my goal was to delve deeper into the emotional core of ""Skyfall,"" exploring the intricate nuances of the melody and harmonies to convey the tension, mystery, and resilience that define the Bond universe. My goal was to make this arrangement fall amongst the more intricate and ""complete"" ones available on YouTube so far. I hope you enjoy this fresh interpretation! Let me know what you think!",https://i.ytimg.com/vi/xmQZLHz-N0o/default.jpg,120,90,https://i.ytimg.com/vi/xmQZLHz-N0o/mqdefault.jpg,320,180,https://i.ytimg.com/vi/xmQZLHz-N0o/hqdefault.jpg,480,360,https://i.ytimg.com/vi/xmQZLHz-N0o/sddefault.jpg,640,480,https://i.ytimg.com/vi/xmQZLHz-N0o/maxresdefault.jpg,1280.0,720.0,RB Music Piano,10,none,Adele - Skyfall (Piano Version),"Adele - Skyfall (Piano Version)
Piano Version by RB Music Piano

Sheet Musicüéº: https://www.musicnotes.com/marketplace/sheetmusic/MK0076953

Composed by: Adele & Thomas Newman
Arranged by: RB Music Piano

Hello Everyone!

For this video, I decided to bring an arrangement of my own for Adele's theme song ""Skyfall."" Drawing inspiration from the film's gripping atmosphere and Adele's powerful vocals, my arrangement aims to capture the essence of the original while adding my own unique twist.

In this arrangement, my goal was to delve deeper into the emotional core of ""Skyfall,"" exploring the intricate nuances of the melody and harmonies to convey the tension, mystery, and resilience that define the Bond universe. My goal was to make this arrangement fall amongst the more intricate and ""complete"" ones available on YouTube so far. I hope you enjoy this fresh interpretation! Let me know what you think!",46113,1197,0,48,
youtube#video,d_dGPzPou-7imDQxHFl6HY0kXp0,Mw1yjxP9CiU,UCIf54-aXt1pqliaehOHX-ow,2024-03-11T14:54:02Z,UCIf54-aXt1pqliaehOHX-ow,Journey - Don't Stop Believin' (Piano Version) | Jarrod Radnich,"Journey - Don't Stop Believin' (Piano Version) | Jarrod Radnich

Arranged by: @JarrodRadnichMusic  
Performed & Interpreted by: @RBMusicPiano 

Hello Everyone!

When I chose ""Don't Stop Believin'"" for my next video, I found myself torn between two impressive arrangements: those by Jarrod Radnich and Gamazda. It was challenging to pick an arrangement as the foundation for my own rendition, but ultimately, Jarrod's arrangement won me over. 

Choosing Jarrod's arrangement as the foundation for my rendition wasn't just a decision; it was a commitment to channeling the essence of his unique style into my performance. Obviously, there are many tweaks which I implemented in order to make it my own, but I still did my best to maintain the powerful tone and emotional depth that Jarrod's arrangement delivers. 

Diving deeper into the arrangement, I must emphasize that my goal isn't to merely replicate Jarrod's music, but to infuse it with my own artistic voice. The process involved numerous tweaks and personal touches, all aimed at creating a rendition that reflects not only the power and grandeur of the original composition but also my own emotional connection to the music.

Maintaining the powerful tone and emotional depth inherent in Radnich's arrangement presented both a challenge and an opportunity for artistic expression. As a pianist, I strive to breathe new life into the piece, offering a fresh perspective while honoring the timeless essence of ""Don't Stop Believin'.""

I hope you enjoy it!",https://i.ytimg.com/vi/Mw1yjxP9CiU/default.jpg,120,90,https://i.ytimg.com/vi/Mw1yjxP9CiU/mqdefault.jpg,320,180,https://i.ytimg.com/vi/Mw1yjxP9CiU/hqdefault.jpg,480,360,https://i.ytimg.com/vi/Mw1yjxP9CiU/sddefault.jpg,640,480,https://i.ytimg.com/vi/Mw1yjxP9CiU/maxresdefault.jpg,1280.0,720.0,RB Music Piano,10,none,Journey - Don't Stop Believin' (Piano Version) | Jarrod Radnich,"Journey - Don't Stop Believin' (Piano Version) | Jarrod Radnich

Arranged by: @JarrodRadnichMusic  
Performed & Interpreted by: @RBMusicPiano 

Hello Everyone!

When I chose ""Don't Stop Believin'"" for my next video, I found myself torn between two impressive arrangements: those by Jarrod Radnich and Gamazda. It was challenging to pick an arrangement as the foundation for my own rendition, but ultimately, Jarrod's arrangement won me over. 

Choosing Jarrod's arrangement as the foundation for my rendition wasn't just a decision; it was a commitment to channeling the essence of his unique style into my performance. Obviously, there are many tweaks which I implemented in order to make it my own, but I still did my best to maintain the powerful tone and emotional depth that Jarrod's arrangement delivers. 

Diving deeper into the arrangement, I must emphasize that my goal isn't to merely replicate Jarrod's music, but to infuse it with my own artistic voice. The process involved numerous tweaks and personal touches, all aimed at creating a rendition that reflects not only the power and grandeur of the original composition but also my own emotional connection to the music.

Maintaining the powerful tone and emotional depth inherent in Radnich's arrangement presented both a challenge and an opportunity for artistic expression. As a pianist, I strive to breathe new life into the piece, offering a fresh perspective while honoring the timeless essence of ""Don't Stop Believin'.""

I hope you enjoy it!",14095,302,0,49,
youtube#video,hWdsxsoWdb2Bo7sbxPgwvauYYhY,jPOT6hlqO3I,UCIf54-aXt1pqliaehOHX-ow,2024-02-11T20:48:09Z,UCIf54-aXt1pqliaehOHX-ow,Thomas Bergersen - Empire of Angels (Piano Version),"Thomas Bergersen - Empire of Angels (Piano Version)

Composed by: Thomas Bergersen
Arranged by: @PatrikPietschmann 
Performed & Interpreted by: @RBMusicPiano 

Hello Everyone!

I am beyond excited to share my first video of 2024 with you, and it's an incredibly special one. Today, I bring you ""Empire of Angels"" by the talented Thomas Bergersen, with the arrangement masterfully created by Patrik Pietschmann. Before we dive into this emotional journey, I want to take a moment to express my heartfelt gratitude to Patrik for his incredible work, and I give him full credit for the arrangement that has added a new layer of beauty to this composition. However, this composition holds a profound significance in my heart, and I wanted to take a moment to share the emotional journey behind why I chose it for this video.

Exactly one year ago, during this period, I found myself navigating through one of the toughest moments of my life. The challenges seemed insurmountable, and hope felt distant. It was during these dark days that I stumbled upon ""Empire of Angels."" The hauntingly beautiful melody and powerful composition became my refuge, a source of strength that resonated with my struggles. I vividly remember listening to this piece repeatedly, finding solace in its notes, and drawing motivation from its energy. ""Empire of Angels"" became more than just music; it became a guiding light, reminding me that the tough times were temporary, and I could emerge stronger on the other side.

It wasn't until February 2023 that I mustered the strength to take action, and that's when my life began to change for the better. This music, coupled with Patrik‚Äôs brilliant arrangement, played a pivotal role in helping me make significant changes, instilling a sense of resilience and determination within me. It might sound unbelievable, but I genuinely attribute a part of my transformation to this remarkable soundtrack.

And then, I had the incredible fortune of meeting a beautiful girl. Her presence brought an added layer of warmth and love to my life, making the journey even more profound. She became my pillar of support, helping me overcome my traumas and heal from the wounds of the past, and, to this day, I could not be more grateful to have her by my side.

Fast forward to February 2024, I've decided to pay tribute to this incredible piece with Patrik's arrangement by mastering it. This video is not just a musical showcase but a celebration of overcoming adversity and finding strength in the most unexpected places.

May this music touch your heart and help you face challenges as much as it has with me, and may it inspire hope and resilience in your own life. Thank you for being a part of this community, and I look forward to sharing more meaningful moments with you. 

Remember, we all have our own ""Empire of Angels"" to guide us through the toughest times.",https://i.ytimg.com/vi/jPOT6hlqO3I/default.jpg,120,90,https://i.ytimg.com/vi/jPOT6hlqO3I/mqdefault.jpg,320,180,https://i.ytimg.com/vi/jPOT6hlqO3I/hqdefault.jpg,480,360,https://i.ytimg.com/vi/jPOT6hlqO3I/sddefault.jpg,640,480,https://i.ytimg.com/vi/jPOT6hlqO3I/maxresdefault.jpg,1280.0,720.0,RB Music Piano,10,none,Thomas Bergersen - Empire of Angels (Piano Version),"Thomas Bergersen - Empire of Angels (Piano Version)

Composed by: Thomas Bergersen
Arranged by: @PatrikPietschmann 
Performed & Interpreted by: @RBMusicPiano 

Hello Everyone!

I am beyond excited to share my first video of 2024 with you, and it's an incredibly special one. Today, I bring you ""Empire of Angels"" by the talented Thomas Bergersen, with the arrangement masterfully created by Patrik Pietschmann. Before we dive into this emotional journey, I want to take a moment to express my heartfelt gratitude to Patrik for his incredible work, and I give him full credit for the arrangement that has added a new layer of beauty to this composition. However, this composition holds a profound significance in my heart, and I wanted to take a moment to share the emotional journey behind why I chose it for this video.

Exactly one year ago, during this period, I found myself navigating through one of the toughest moments of my life. The challenges seemed insurmountable, and hope felt distant. It was during these dark days that I stumbled upon ""Empire of Angels."" The hauntingly beautiful melody and powerful composition became my refuge, a source of strength that resonated with my struggles. I vividly remember listening to this piece repeatedly, finding solace in its notes, and drawing motivation from its energy. ""Empire of Angels"" became more than just music; it became a guiding light, reminding me that the tough times were temporary, and I could emerge stronger on the other side.

It wasn't until February 2023 that I mustered the strength to take action, and that's when my life began to change for the better. This music, coupled with Patrik‚Äôs brilliant arrangement, played a pivotal role in helping me make significant changes, instilling a sense of resilience and determination within me. It might sound unbelievable, but I genuinely attribute a part of my transformation to this remarkable soundtrack.

And then, I had the incredible fortune of meeting a beautiful girl. Her presence brought an added layer of warmth and love to my life, making the journey even more profound. She became my pillar of support, helping me overcome my traumas and heal from the wounds of the past, and, to this day, I could not be more grateful to have her by my side.

Fast forward to February 2024, I've decided to pay tribute to this incredible piece with Patrik's arrangement by mastering it. This video is not just a musical showcase but a celebration of overcoming adversity and finding strength in the most unexpected places.

May this music touch your heart and help you face challenges as much as it has with me, and may it inspire hope and resilience in your own life. Thank you for being a part of this community, and I look forward to sharing more meaningful moments with you. 

Remember, we all have our own ""Empire of Angels"" to guide us through the toughest times.",3887,133,0,22,
youtube#video,OywVn2RT3M8ORDuV7DewkuBHwXs,klud9Wm6elQ,UCIf54-aXt1pqliaehOHX-ow,2023-12-25T18:28:32Z,UCIf54-aXt1pqliaehOHX-ow,Avicii - I Could Be The One #piano #music #avicii,,https://i.ytimg.com/vi/klud9Wm6elQ/default.jpg,120,90,https://i.ytimg.com/vi/klud9Wm6elQ/mqdefault.jpg,320,180,https://i.ytimg.com/vi/klud9Wm6elQ/hqdefault.jpg,480,360,https://i.ytimg.com/vi/klud9Wm6elQ/sddefault.jpg,640,480,https://i.ytimg.com/vi/klud9Wm6elQ/maxresdefault.jpg,1280.0,720.0,RB Music Piano,10,none,Avicii - I Could Be The One #piano #music #avicii,,489,33,0,2,
youtube#video,cqa8vePQmmuifoL0M1w-rp5pPcA,Gvc1aJrQsEU,UCIf54-aXt1pqliaehOHX-ow,2023-12-20T13:14:24Z,UCIf54-aXt1pqliaehOHX-ow,David Guetta - What I Did For Love (Piano Mix),,https://i.ytimg.com/vi/Gvc1aJrQsEU/default.jpg,120,90,https://i.ytimg.com/vi/Gvc1aJrQsEU/mqdefault.jpg,320,180,https://i.ytimg.com/vi/Gvc1aJrQsEU/hqdefault.jpg,480,360,https://i.ytimg.com/vi/Gvc1aJrQsEU/sddefault.jpg,640,480,https://i.ytimg.com/vi/Gvc1aJrQsEU/maxresdefault.jpg,1280.0,720.0,RB Music Piano,10,none,David Guetta - What I Did For Love (Piano Mix),,433,21,0,8,
youtube#video,eAyi2m1yAo6p-IK1P_y4Tw-Tbjw,6JLwSLb7lL4,UCIf54-aXt1pqliaehOHX-ow,2023-12-16T19:34:20Z,UCIf54-aXt1pqliaehOHX-ow,Should I start making more of these?,,https://i.ytimg.com/vi/6JLwSLb7lL4/default.jpg,120,90,https://i.ytimg.com/vi/6JLwSLb7lL4/mqdefault.jpg,320,180,https://i.ytimg.com/vi/6JLwSLb7lL4/hqdefault.jpg,480,360,https://i.ytimg.com/vi/6JLwSLb7lL4/sddefault.jpg,640,480,https://i.ytimg.com/vi/6JLwSLb7lL4/maxresdefault.jpg,1280.0,720.0,RB Music Piano,10,none,Should I start making more of these?,,710,59,0,6,
youtube#video,G95zUXzjODrl-GLMXxB9Lpnjtyo,dRBmr3MknOU,UCIf54-aXt1pqliaehOHX-ow,2023-11-22T18:26:04Z,UCIf54-aXt1pqliaehOHX-ow,How To Train Your Dragon - Main Theme (Piano Version),"How To Train Your Dragon - Main Theme (Piano Version)

Originally Arranged by:  @PatrikPietschmann 
Re-arranged & interpreted by: @RBMusicPiano 

Hello everyone!

I am very happy to finally be able to publish a new video. This time around, I needed more time as I dedicated many hours to research new ways to improve the quality of my videos. If you notice that the visuals stand out from the rest of my videos, you would be right. In the past month, I changed my setup and equipment, starting from scratch to enhance the overall quality of my videos.

In this video, I'll be sharing the results of those efforts, and I'm excited to showcase the improvements that I've made. Changing my camera and adjusting the overall setup were essential steps in elevating the viewing experience, and I can't wait for you to see the difference.

Now, let's talk about the musical piece. For this video, I decided to build upon Patrik Pietschmann's arrangement of ""How to Train Your Dragon."" It's a fantastic piece, and I've taken the liberty to re-arrange some parts to add my own touch. I hope you enjoy this fresh perspective on a beloved composition.

And before we dive into the music, I want to express my gratitude. We are currently reaching 10k subscribers, and I cannot thank you enough. Your support means the world to me, and I really appreciate each and every one of you who has contributed to our growing community.

Thank you for your patience and ongoing support. I'm constantly striving to bring you the best content possible, and I genuinely appreciate each and every one of you who takes the time to watch, comment, and share my videos. Your encouragement keeps me motivated to continue improving and exploring new creative avenues.

I hope you enjoy the enhanced quality and the re-arrangement of Patrik‚Äôs ‚ÄúHow to Train Your Dragon‚Äù arrangement. If you like my version, please leave a comment!",https://i.ytimg.com/vi/dRBmr3MknOU/default.jpg,120,90,https://i.ytimg.com/vi/dRBmr3MknOU/mqdefault.jpg,320,180,https://i.ytimg.com/vi/dRBmr3MknOU/hqdefault.jpg,480,360,https://i.ytimg.com/vi/dRBmr3MknOU/sddefault.jpg,640,480,https://i.ytimg.com/vi/dRBmr3MknOU/maxresdefault.jpg,1280.0,720.0,RB Music Piano,10,none,How To Train Your Dragon - Main Theme (Piano Version),"How To Train Your Dragon - Main Theme (Piano Version)

Originally Arranged by:  @PatrikPietschmann 
Re-arranged & interpreted by: @RBMusicPiano 

Hello everyone!

I am very happy to finally be able to publish a new video. This time around, I needed more time as I dedicated many hours to research new ways to improve the quality of my videos. If you notice that the visuals stand out from the rest of my videos, you would be right. In the past month, I changed my setup and equipment, starting from scratch to enhance the overall quality of my videos.

In this video, I'll be sharing the results of those efforts, and I'm excited to showcase the improvements that I've made. Changing my camera and adjusting the overall setup were essential steps in elevating the viewing experience, and I can't wait for you to see the difference.

Now, let's talk about the musical piece. For this video, I decided to build upon Patrik Pietschmann's arrangement of ""How to Train Your Dragon."" It's a fantastic piece, and I've taken the liberty to re-arrange some parts to add my own touch. I hope you enjoy this fresh perspective on a beloved composition.

And before we dive into the music, I want to express my gratitude. We are currently reaching 10k subscribers, and I cannot thank you enough. Your support means the world to me, and I really appreciate each and every one of you who has contributed to our growing community.

Thank you for your patience and ongoing support. I'm constantly striving to bring you the best content possible, and I genuinely appreciate each and every one of you who takes the time to watch, comment, and share my videos. Your encouragement keeps me motivated to continue improving and exploring new creative avenues.

I hope you enjoy the enhanced quality and the re-arrangement of Patrik‚Äôs ‚ÄúHow to Train Your Dragon‚Äù arrangement. If you like my version, please leave a comment!",6228,154,0,28,
youtube#video,Xxpo_tZnwFm71v77FvBjzoFH1uc,WMhLfe9zlag,UCIf54-aXt1pqliaehOHX-ow,2023-09-20T17:45:01Z,UCIf54-aXt1pqliaehOHX-ow,Spirit: Stallion of the Cimarron - Main Theme (Piano Version),"Spirit: Stallion of the Cimarron - Main Theme (Piano Version)
Composed by: Hans Zimmer
Arranged by: @PatrikPietschmann 
Performed & Interpreted by: @RBMusicPiano 

Hello, everyone!

It's been a while since I last uploaded a video, and I'm so happy to finally be back after a four-month hiatus. I've missed this community and creating content for you all. 

For my return, I wanted to share something special with you. This particular soundtrack holds a special place in my heart because ""Spirit"" was a movie that played a significant role in my childhood and the music from it has always resonated with me deeply. It is needless to say that this is  I hope you enjoy my rendition of Patrik's arrangement. 

In this video, I decided to experiment with the sound of strings, which, in my opinion, beautifully accompanies the melody. I've also made some changes to my effects to enhance the overall experience. I'm still in the process of learning and refining these effects, so bear with me as I work towards delivering even greater quality in the future. And by the way, this video happens to be my longest one yet, so there's even more music to enjoy!

Thank you for your patience during my break, your support means a lot to me, and I can't wait to hear your thoughts in the comments!


#Spirit #HansZimmer #PianoMusic #PatrikPietschmann #RBMusicPiano 
#PianoArrangement #Pianocover #Instrumental #MusicPerformance #SpiritSoundtrack #PianoTribute #HansZimmerMusic #FilmScore #SpiritPiano #Musician #SpiritArrangement",https://i.ytimg.com/vi/WMhLfe9zlag/default.jpg,120,90,https://i.ytimg.com/vi/WMhLfe9zlag/mqdefault.jpg,320,180,https://i.ytimg.com/vi/WMhLfe9zlag/hqdefault.jpg,480,360,https://i.ytimg.com/vi/WMhLfe9zlag/sddefault.jpg,640,480,https://i.ytimg.com/vi/WMhLfe9zlag/maxresdefault.jpg,1280.0,720.0,RB Music Piano,10,none,Spirit: Stallion of the Cimarron - Main Theme (Piano Version),"Spirit: Stallion of the Cimarron - Main Theme (Piano Version)
Composed by: Hans Zimmer
Arranged by: @PatrikPietschmann 
Performed & Interpreted by: @RBMusicPiano 

Hello, everyone!

It's been a while since I last uploaded a video, and I'm so happy to finally be back after a four-month hiatus. I've missed this community and creating content for you all. 

For my return, I wanted to share something special with you. This particular soundtrack holds a special place in my heart because ""Spirit"" was a movie that played a significant role in my childhood and the music from it has always resonated with me deeply. It is needless to say that this is  I hope you enjoy my rendition of Patrik's arrangement. 

In this video, I decided to experiment with the sound of strings, which, in my opinion, beautifully accompanies the melody. I've also made some changes to my effects to enhance the overall experience. I'm still in the process of learning and refining these effects, so bear with me as I work towards delivering even greater quality in the future. And by the way, this video happens to be my longest one yet, so there's even more music to enjoy!

Thank you for your patience during my break, your support means a lot to me, and I can't wait to hear your thoughts in the comments!


#Spirit #HansZimmer #PianoMusic #PatrikPietschmann #RBMusicPiano 
#PianoArrangement #Pianocover #Instrumental #MusicPerformance #SpiritSoundtrack #PianoTribute #HansZimmerMusic #FilmScore #SpiritPiano #Musician #SpiritArrangement",11246,147,0,15,
youtube#video,Qlw9xsVjC5Z_t7LRADRLwLw5x88,ElTzMZgB20I,UCIf54-aXt1pqliaehOHX-ow,2023-04-20T16:15:26Z,UCIf54-aXt1pqliaehOHX-ow,His Dark Materials - Main Theme (Piano Version),"His Dark Materials - Main Theme (Piano Version)
Composed by: Lorne Balfe
Arranged by: @PatrikPietschmann 
Performed & Interpreted by: @RBMusicPiano 

Hello everyone! I am happy to finally be able to publish a new video. This time around I wanted to try @PatrikPietschmann 's ""His Dark Materials"" arrangement. I found that his rendition of the score is incredibly powerful and perfectly adapted for the piano. Also, it is really fun and satisfying to play. I hope you enjoy my interpretation of it!",https://i.ytimg.com/vi/ElTzMZgB20I/default.jpg,120,90,https://i.ytimg.com/vi/ElTzMZgB20I/mqdefault.jpg,320,180,https://i.ytimg.com/vi/ElTzMZgB20I/hqdefault.jpg,480,360,https://i.ytimg.com/vi/ElTzMZgB20I/sddefault.jpg,640,480,https://i.ytimg.com/vi/ElTzMZgB20I/maxresdefault.jpg,1280.0,720.0,RB Music Piano,10,none,His Dark Materials - Main Theme (Piano Version),"His Dark Materials - Main Theme (Piano Version)
Composed by: Lorne Balfe
Arranged by: @PatrikPietschmann 
Performed & Interpreted by: @RBMusicPiano 

Hello everyone! I am happy to finally be able to publish a new video. This time around I wanted to try @PatrikPietschmann 's ""His Dark Materials"" arrangement. I found that his rendition of the score is incredibly powerful and perfectly adapted for the piano. Also, it is really fun and satisfying to play. I hope you enjoy my interpretation of it!",4307,132,0,14,
youtube#video,OFzeMCHmUO8lFXNnVsiw9u5oiDo,NVCMMvhOFvY,UCIf54-aXt1pqliaehOHX-ow,2023-03-18T11:30:13Z,UCIf54-aXt1pqliaehOHX-ow,Harry Potter 3 - A Window to the Past (Piano Version),"Harry Potter and the Prisoner of Azkaban - A Window to the Past (Piano Version)

Hello everyone! Today, I'm excited to share with you my rendition of the hauntingly beautiful piece ""A Window to the Past"", built off the arrangement of @PatrikPietschmann. 

This piece is composed by John Williams and is filled with sorrow and melancholy. As I played it, I felt a deep connection to the emotions it conveys and I hope that my performance does justice to both Patrik's arrangement and John Williams' original score. I hope you enjoy it!",https://i.ytimg.com/vi/NVCMMvhOFvY/default.jpg,120,90,https://i.ytimg.com/vi/NVCMMvhOFvY/mqdefault.jpg,320,180,https://i.ytimg.com/vi/NVCMMvhOFvY/hqdefault.jpg,480,360,https://i.ytimg.com/vi/NVCMMvhOFvY/sddefault.jpg,640,480,https://i.ytimg.com/vi/NVCMMvhOFvY/maxresdefault.jpg,1280.0,720.0,RB Music Piano,10,none,Harry Potter 3 - A Window to the Past (Piano Version),"Harry Potter and the Prisoner of Azkaban - A Window to the Past (Piano Version)

Hello everyone! Today, I'm excited to share with you my rendition of the hauntingly beautiful piece ""A Window to the Past"", built off the arrangement of @PatrikPietschmann. 

This piece is composed by John Williams and is filled with sorrow and melancholy. As I played it, I felt a deep connection to the emotions it conveys and I hope that my performance does justice to both Patrik's arrangement and John Williams' original score. I hope you enjoy it!",9858,253,0,19,
youtube#video,2nvAxZgwgHoiATND4KZdh5Chp08,2AUw5gUnXGU,UCIf54-aXt1pqliaehOHX-ow,2023-02-16T15:45:03Z,UCIf54-aXt1pqliaehOHX-ow,Two Steps From Hell - Protectors of the Earth (Piano Version),"Two Steps From Hell - Protectors of the Earth (Piano Version)
Arranged by: @PatrikPietschmann 
Interpreted & performed by: @RBMusicPiano 

Hello Everybody! I am really happy to finally be able to publish a new video! I apologise for the long wait as I know that two months can be an exceptionally long time, especially for YouTube content. One of the reasons for my absence is that there have been several big changes in my life and I found myself quite vulnerable and struggled to find the right balance again.

Having said this, ""Protectors of the Earth"" was greatly requested by one person in particular whose comments are always a pleasure to read. Today, I finally have the pleasure to share it with you all! I hope you enjoy it!",https://i.ytimg.com/vi/2AUw5gUnXGU/default.jpg,120,90,https://i.ytimg.com/vi/2AUw5gUnXGU/mqdefault.jpg,320,180,https://i.ytimg.com/vi/2AUw5gUnXGU/hqdefault.jpg,480,360,https://i.ytimg.com/vi/2AUw5gUnXGU/sddefault.jpg,640,480,https://i.ytimg.com/vi/2AUw5gUnXGU/maxresdefault.jpg,1280.0,720.0,RB Music Piano,10,none,Two Steps From Hell - Protectors of the Earth (Piano Version),"Two Steps From Hell - Protectors of the Earth (Piano Version)
Arranged by: @PatrikPietschmann 
Interpreted & performed by: @RBMusicPiano 

Hello Everybody! I am really happy to finally be able to publish a new video! I apologise for the long wait as I know that two months can be an exceptionally long time, especially for YouTube content. One of the reasons for my absence is that there have been several big changes in my life and I found myself quite vulnerable and struggled to find the right balance again.

Having said this, ""Protectors of the Earth"" was greatly requested by one person in particular whose comments are always a pleasure to read. Today, I finally have the pleasure to share it with you all! I hope you enjoy it!",4248,108,0,17,
youtube#video,mx67HCbNarONZOrGvcj8d-ZMuPU,gunAnNCX0Pc,UCIf54-aXt1pqliaehOHX-ow,2022-12-24T14:00:21Z,UCIf54-aXt1pqliaehOHX-ow,Harry Potter 7.2 - Lily's Theme / Statues / Courtyard Apocalypse (Piano Version) [Christmas Special],"Harry Potter 7.2 - Lily's Theme / Statues / Courtyard Apocalypse (Piano Version)
Arranged by @PatrikPietschmann 
Interpreted & performed by @RBMusicPiano 
Composed by Alexandre Desplat

Hello and Merry Christmas to all! 

A person in the comments some time ago had asked me to play @PatrikPietschmann 's ""Harry Potter 7.2"" arrangement. I had already played this arrangement two or three years ago but, in order to make a video for it, I had to master it again almost from scratch. Normally, this happens when you do not play a piece for a long period of time and, since I am not a machine, I had to get down to basics again.

Having said that, I am quite pleased with the result of this video. I have been experimenting with different lighting as you may notice, but I still hope there is room for improvement regarding the quality of my videos. I hope you enjoy it and I wish you all a fantastic holiday and a happy new year! See you in 2023!",https://i.ytimg.com/vi/gunAnNCX0Pc/default.jpg,120,90,https://i.ytimg.com/vi/gunAnNCX0Pc/mqdefault.jpg,320,180,https://i.ytimg.com/vi/gunAnNCX0Pc/hqdefault.jpg,480,360,https://i.ytimg.com/vi/gunAnNCX0Pc/sddefault.jpg,640,480,https://i.ytimg.com/vi/gunAnNCX0Pc/maxresdefault.jpg,1280.0,720.0,RB Music Piano,10,none,Harry Potter 7.2 - Lily's Theme / Statues / Courtyard Apocalypse (Piano Version) [Christmas Special],"Harry Potter 7.2 - Lily's Theme / Statues / Courtyard Apocalypse (Piano Version)
Arranged by @PatrikPietschmann 
Interpreted & performed by @RBMusicPiano 
Composed by Alexandre Desplat

Hello and Merry Christmas to all! 

A person in the comments some time ago had asked me to play @PatrikPietschmann 's ""Harry Potter 7.2"" arrangement. I had already played this arrangement two or three years ago but, in order to make a video for it, I had to master it again almost from scratch. Normally, this happens when you do not play a piece for a long period of time and, since I am not a machine, I had to get down to basics again.

Having said that, I am quite pleased with the result of this video. I have been experimenting with different lighting as you may notice, but I still hope there is room for improvement regarding the quality of my videos. I hope you enjoy it and I wish you all a fantastic holiday and a happy new year! See you in 2023!",13590,302,0,28,
youtube#video,xxUaH7xYoJt-CoIHh7A-8K0IEBI,DDyoV2ETtCc,UCIf54-aXt1pqliaehOHX-ow,2022-12-18T17:30:01Z,UCIf54-aXt1pqliaehOHX-ow,Rush - Lost But Won (Piano Version),"Rush - Lost But Won (Piano Version)
Composed by Hans Zimmer 
Arranged by @PatrikPietschmann 
Interpreted and performed by RB Music

Hello everyone. While giving huge credit to @PatrikPietschmann for arranging this magnificent piece, I decided to bring my own interpretation of it as well. From the movie ""Rush"" starring Chris Hemsworth as ""James Hunt"" and Daniel Br√ºhl as ""Niki Lauda"", the score was composed by Hans Zimmer: Lost But Won. I hope you enjoy it!",https://i.ytimg.com/vi/DDyoV2ETtCc/default.jpg,120,90,https://i.ytimg.com/vi/DDyoV2ETtCc/mqdefault.jpg,320,180,https://i.ytimg.com/vi/DDyoV2ETtCc/hqdefault.jpg,480,360,https://i.ytimg.com/vi/DDyoV2ETtCc/sddefault.jpg,640,480,https://i.ytimg.com/vi/DDyoV2ETtCc/maxresdefault.jpg,1280.0,720.0,RB Music Piano,10,none,Rush - Lost But Won (Piano Version),"Rush - Lost But Won (Piano Version)
Composed by Hans Zimmer 
Arranged by @PatrikPietschmann 
Interpreted and performed by RB Music

Hello everyone. While giving huge credit to @PatrikPietschmann for arranging this magnificent piece, I decided to bring my own interpretation of it as well. From the movie ""Rush"" starring Chris Hemsworth as ""James Hunt"" and Daniel Br√ºhl as ""Niki Lauda"", the score was composed by Hans Zimmer: Lost But Won. I hope you enjoy it!",12996,246,0,30,
youtube#video,dQcxZgIOPp3waQ_aUFaivdRMW4w,qzi2XmQ6DIQ,UCIf54-aXt1pqliaehOHX-ow,2022-12-09T16:39:29Z,UCIf54-aXt1pqliaehOHX-ow,Star Wars - Duel Of The Fates (Piano Version),"Star Wars - Duel Of The Fates (Piano Version) 
Arranged by Patrik Pietschmann 
Interpreted by RB Music 

Hello everyone. I am happy to finally be able to publish a new video! This time around, I wanted to honor Patrik Pietschmann's ""Duel Of The Fates"" arrangement. I had already learnt this piece in the past and it was really challenging for me. However, I never made a video for it. So here it is! I hope you enjoy it.",https://i.ytimg.com/vi/qzi2XmQ6DIQ/default.jpg,120,90,https://i.ytimg.com/vi/qzi2XmQ6DIQ/mqdefault.jpg,320,180,https://i.ytimg.com/vi/qzi2XmQ6DIQ/hqdefault.jpg,480,360,https://i.ytimg.com/vi/qzi2XmQ6DIQ/sddefault.jpg,640,480,https://i.ytimg.com/vi/qzi2XmQ6DIQ/maxresdefault.jpg,1280.0,720.0,RB Music Piano,10,none,Star Wars - Duel Of The Fates (Piano Version),"Star Wars - Duel Of The Fates (Piano Version) 
Arranged by Patrik Pietschmann 
Interpreted by RB Music 

Hello everyone. I am happy to finally be able to publish a new video! This time around, I wanted to honor Patrik Pietschmann's ""Duel Of The Fates"" arrangement. I had already learnt this piece in the past and it was really challenging for me. However, I never made a video for it. So here it is! I hope you enjoy it.",8653,204,0,26,
youtube#video,P2akfnqh7ZR7oVrayHABTSxBm3s,fh_Yc5nOKJI,UCIf54-aXt1pqliaehOHX-ow,2022-11-18T20:03:05Z,UCIf54-aXt1pqliaehOHX-ow,Titanic - My Heart Will Go On (Piano Version),"Titanic - My Heart Will Go On (Piano Version)
Piano version based on @PatrikPietschmann 's Titanic arrangement.
Reinterpreted and rearranged by RB Music.

Hello everyone! It has been a while since I published my last video. The reason for this, is because my university studies have been demanding more of my time in these last few weeks. On top of that, I wanted to take the time to do some research and development in order to improve the quality of my videos, in particular the bottom half of my hands. It became noticeable that, in my previous videos, there was a persistent and annoying shadow covering a section of the keyboard. I was fortunately able to fix this and refine my visual effects as well. 

Excuses aside, I am happy to be able to finally publish a piano version of one of the most famous scores of all time: Titanic! This arrangement is based on @PatrikPietschmann 's arrangement and I have to give great credit to him for inspiring me. I find that Patrik's finale is truly a masterpiece, and I think he did a fantastic job at interpreting the original theme of ""My Heart Will Go On"" and giving it power!

However, for this piece, my objective was not just to replicate Patrik's video. I wanted to bring something original as well. In fact, this is NOT just a piano version of ""My Heart Will Go On"". I decided to arrange different scores of James Horner (composer of the all the soundtracks in the movie) and blend them together in order to achieve a full on immersive ""Titanic experience"" for the piano. My own arrangements for this video are based on the following soundtracks:

""The Dream""
""A Building Panic""
""Take Her to Sea Mr. Murdoch""
by James Horner

I hope you enjoy it!

P.S. I want to thank you all for supporting the channel and reaching 2k subscribers! This gives me the proper motivation to keep pushing!",https://i.ytimg.com/vi/fh_Yc5nOKJI/default.jpg,120,90,https://i.ytimg.com/vi/fh_Yc5nOKJI/mqdefault.jpg,320,180,https://i.ytimg.com/vi/fh_Yc5nOKJI/hqdefault.jpg,480,360,https://i.ytimg.com/vi/fh_Yc5nOKJI/sddefault.jpg,640,480,https://i.ytimg.com/vi/fh_Yc5nOKJI/maxresdefault.jpg,1280.0,720.0,RB Music Piano,10,none,Titanic - My Heart Will Go On (Piano Version),"Titanic - My Heart Will Go On (Piano Version)
Piano version based on @PatrikPietschmann 's Titanic arrangement.
Reinterpreted and rearranged by RB Music.

Hello everyone! It has been a while since I published my last video. The reason for this, is because my university studies have been demanding more of my time in these last few weeks. On top of that, I wanted to take the time to do some research and development in order to improve the quality of my videos, in particular the bottom half of my hands. It became noticeable that, in my previous videos, there was a persistent and annoying shadow covering a section of the keyboard. I was fortunately able to fix this and refine my visual effects as well. 

Excuses aside, I am happy to be able to finally publish a piano version of one of the most famous scores of all time: Titanic! This arrangement is based on @PatrikPietschmann 's arrangement and I have to give great credit to him for inspiring me. I find that Patrik's finale is truly a masterpiece, and I think he did a fantastic job at interpreting the original theme of ""My Heart Will Go On"" and giving it power!

However, for this piece, my objective was not just to replicate Patrik's video. I wanted to bring something original as well. In fact, this is NOT just a piano version of ""My Heart Will Go On"". I decided to arrange different scores of James Horner (composer of the all the soundtracks in the movie) and blend them together in order to achieve a full on immersive ""Titanic experience"" for the piano. My own arrangements for this video are based on the following soundtracks:

""The Dream""
""A Building Panic""
""Take Her to Sea Mr. Murdoch""
by James Horner

I hope you enjoy it!

P.S. I want to thank you all for supporting the channel and reaching 2k subscribers! This gives me the proper motivation to keep pushing!",9659,248,0,26,"['titanic', 'james horner', 'RB Music', 'piano cover', 'Piano arrangement', 'My heart will go on']"
youtube#video,aO6ZnOA9fJu45fmyk68ZGnLDNRI,lKty5ixAEt0,UCIf54-aXt1pqliaehOHX-ow,2022-10-10T13:18:52Z,UCIf54-aXt1pqliaehOHX-ow,Hans Zimmer - Interstellar - First Step / No Time For Caution / S.T.A.Y. (Piano Medley),"Hans Zimmer - Interstellar - First Step / No Time For Caution / S.T.A.Y.
Arranged by: RB Music
Composed by: Hans Zimmer

For this video, I decided to arrange my own version of Interstellar (by Hans Zimmer). I mainly focused my arrangement of the soundtracks ""First Step"" and ""No Time For Caution"". The docking scene in the movie features one of the most epic and stressful soundtracks I have ever heard and I wanted to try and recreate that feeling on the piano. I hope you enjoy it!

Hello! My name is Richard Burns. I am a 20 year old pianist based in Italy and France and I love making piano videos for you to enjoy. I mostly listen to movie soundtracks and compositions and I use Ableton Live to record my piano performances. If you like my videos please consider leaving a comment!",https://i.ytimg.com/vi/lKty5ixAEt0/default.jpg,120,90,https://i.ytimg.com/vi/lKty5ixAEt0/mqdefault.jpg,320,180,https://i.ytimg.com/vi/lKty5ixAEt0/hqdefault.jpg,480,360,https://i.ytimg.com/vi/lKty5ixAEt0/sddefault.jpg,640,480,https://i.ytimg.com/vi/lKty5ixAEt0/maxresdefault.jpg,1280.0,720.0,RB Music Piano,10,none,Hans Zimmer - Interstellar - First Step / No Time For Caution / S.T.A.Y. (Piano Medley),"Hans Zimmer - Interstellar - First Step / No Time For Caution / S.T.A.Y.
Arranged by: RB Music
Composed by: Hans Zimmer

For this video, I decided to arrange my own version of Interstellar (by Hans Zimmer). I mainly focused my arrangement of the soundtracks ""First Step"" and ""No Time For Caution"". The docking scene in the movie features one of the most epic and stressful soundtracks I have ever heard and I wanted to try and recreate that feeling on the piano. I hope you enjoy it!

Hello! My name is Richard Burns. I am a 20 year old pianist based in Italy and France and I love making piano videos for you to enjoy. I mostly listen to movie soundtracks and compositions and I use Ableton Live to record my piano performances. If you like my videos please consider leaving a comment!",26081,681,0,59,"['interstellar', 'Hans zimmer', 'rb music', 'rbmusic', 'notimeforcaution', 'firststep']"
youtube#video,x4-avrhQCmCTyScNjHlyhfpcSao,3GcFLyFIVsA,UCIf54-aXt1pqliaehOHX-ow,2022-10-05T10:35:29Z,UCIf54-aXt1pqliaehOHX-ow,Attack on Titan - Vogel im K√§fig (Piano Version) [1k Special],"Attack on Titan - Vogel im K√§fig (Piano Version) [1k Special]
Originally arranged by: P. Pietschmann 
Re-interpreted & re-arranged by: RB Music

First of all, I would like to thank you all for reaching 1k in just over 10 days! This motivates me to continue making videos. For this piece, I wanted to bring something new. This is my rendition and re-arrangement of Patrik Pietschmann's ""Vogel im K√§fig"" piano arrangement. I hope you enjoy it!

My name is Richard Burns. I am a 20 year old pianist based in Italy and France and I love making piano videos for you to enjoy. I mostly listen to movie soundtracks and compositions and I use Ableton Live to record my piano performances.",https://i.ytimg.com/vi/3GcFLyFIVsA/default.jpg,120,90,https://i.ytimg.com/vi/3GcFLyFIVsA/mqdefault.jpg,320,180,https://i.ytimg.com/vi/3GcFLyFIVsA/hqdefault.jpg,480,360,https://i.ytimg.com/vi/3GcFLyFIVsA/sddefault.jpg,640,480,https://i.ytimg.com/vi/3GcFLyFIVsA/maxresdefault.jpg,1280.0,720.0,RB Music Piano,10,none,Attack on Titan - Vogel im K√§fig (Piano Version) [1k Special],"Attack on Titan - Vogel im K√§fig (Piano Version) [1k Special]
Originally arranged by: P. Pietschmann 
Re-interpreted & re-arranged by: RB Music

First of all, I would like to thank you all for reaching 1k in just over 10 days! This motivates me to continue making videos. For this piece, I wanted to bring something new. This is my rendition and re-arrangement of Patrik Pietschmann's ""Vogel im K√§fig"" piano arrangement. I hope you enjoy it!

My name is Richard Burns. I am a 20 year old pianist based in Italy and France and I love making piano videos for you to enjoy. I mostly listen to movie soundtracks and compositions and I use Ableton Live to record my piano performances.",4389,129,0,34,"['Rb music', 'RB Music', 'rbmusic', 'aot', 'vogelimk√§fig', 'attack on titan']"
youtube#video,dw4h0AliJSzi1FQ06bFV6Ls_vUE,qtgLAxt8mxE,UCIf54-aXt1pqliaehOHX-ow,2022-09-29T12:49:42Z,UCIf54-aXt1pqliaehOHX-ow,Two Steps From Hell - Heart of Courage (Piano Version),"Hello! My name is Richard Burns. I am a 20 year old pianist based in Italy and France and I love making piano videos for you to enjoy. I mostly listen to movie soundtracks and compositions and I use Ableton Live to record my piano performances. 

For this video, I decided to bring ""Heart of Courage"" composed by Two Steps From Hell (a trailer music company founded by Thomas Bergersen and Nick Phoenix). I decided to build on Patrik Pietschmann arrangement and experiment with different effects and more pronounced colours. Also, I thought it would be nice to have a video where the bottom section can be seen with natural colours. What do you think? Please leave a comment if you prefer the ""coloured"" hands or this style. Almost forgot... if you have any requests for future videos please leave a comment on what you'd like to hear!",https://i.ytimg.com/vi/qtgLAxt8mxE/default.jpg,120,90,https://i.ytimg.com/vi/qtgLAxt8mxE/mqdefault.jpg,320,180,https://i.ytimg.com/vi/qtgLAxt8mxE/hqdefault.jpg,480,360,https://i.ytimg.com/vi/qtgLAxt8mxE/sddefault.jpg,640,480,https://i.ytimg.com/vi/qtgLAxt8mxE/maxresdefault.jpg,1280.0,720.0,RB Music Piano,10,none,Two Steps From Hell - Heart of Courage (Piano Version),"Hello! My name is Richard Burns. I am a 20 year old pianist based in Italy and France and I love making piano videos for you to enjoy. I mostly listen to movie soundtracks and compositions and I use Ableton Live to record my piano performances. 

For this video, I decided to bring ""Heart of Courage"" composed by Two Steps From Hell (a trailer music company founded by Thomas Bergersen and Nick Phoenix). I decided to build on Patrik Pietschmann arrangement and experiment with different effects and more pronounced colours. Also, I thought it would be nice to have a video where the bottom section can be seen with natural colours. What do you think? Please leave a comment if you prefer the ""coloured"" hands or this style. Almost forgot... if you have any requests for future videos please leave a comment on what you'd like to hear!",44668,973,0,45,
youtube#video,XZER8OmUqx7jPAgvLmrgNWN_mmo,xwYfz18jM9E,UCIf54-aXt1pqliaehOHX-ow,2022-09-26T11:08:23Z,UCIf54-aXt1pqliaehOHX-ow,The Witcher - Toss a Coin to Your Witcher (Piano Version),"Played by: RB Music
Arranged by: P. Pietschmann",https://i.ytimg.com/vi/xwYfz18jM9E/default.jpg,120,90,https://i.ytimg.com/vi/xwYfz18jM9E/mqdefault.jpg,320,180,https://i.ytimg.com/vi/xwYfz18jM9E/hqdefault.jpg,480,360,https://i.ytimg.com/vi/xwYfz18jM9E/sddefault.jpg,640,480,https://i.ytimg.com/vi/xwYfz18jM9E/maxresdefault.jpg,1280.0,720.0,RB Music Piano,10,none,The Witcher - Toss a Coin to Your Witcher (Piano Version),"Played by: RB Music
Arranged by: P. Pietschmann",11177,276,0,24,"['piano', 'rb music', 'RB Music', 'Patrikpietchmann', 'Piano cover', 'Music', 'the Witcher', 'Toss a coin to your Witcher']"
youtube#video,YPljycH8c1V__PRMPefdSA2H5zo,BB5eqc1ZyK0,UCIf54-aXt1pqliaehOHX-ow,2022-09-24T13:46:07Z,UCIf54-aXt1pqliaehOHX-ow,Pirates of the Caribbean - He's a Pirate (Piano Version),"Hello! My name is Richard Burns. I am a 20 year old pianist based in Italy and France and I love making piano videos for you to enjoy. I mostly listen to movie soundtracks and compositions and I use Ableton Live to record my piano performances.

This arrangement is built off Jarrod Radnich‚Äôs amazing ‚ÄúPirates of the Caribbean‚Äù solo. I decided to revisit the ending measures. 

Instagram: @ricc.da.flame
TikTok: @ricc.da.flame",https://i.ytimg.com/vi/BB5eqc1ZyK0/default.jpg,120,90,https://i.ytimg.com/vi/BB5eqc1ZyK0/mqdefault.jpg,320,180,https://i.ytimg.com/vi/BB5eqc1ZyK0/hqdefault.jpg,480,360,https://i.ytimg.com/vi/BB5eqc1ZyK0/sddefault.jpg,640,480,https://i.ytimg.com/vi/BB5eqc1ZyK0/maxresdefault.jpg,1280.0,720.0,RB Music Piano,10,none,Pirates of the Caribbean - He's a Pirate (Piano Version),"Hello! My name is Richard Burns. I am a 20 year old pianist based in Italy and France and I love making piano videos for you to enjoy. I mostly listen to movie soundtracks and compositions and I use Ableton Live to record my piano performances.

This arrangement is built off Jarrod Radnich‚Äôs amazing ‚ÄúPirates of the Caribbean‚Äù solo. I decided to revisit the ending measures. 

Instagram: @ricc.da.flame
TikTok: @ricc.da.flame",3689975,50440,0,578,
youtube#video,n_nVlreh-BmySEzT3T3jyCf6FIw,6y-cRaFsVQA,UCIf54-aXt1pqliaehOHX-ow,2022-09-14T10:30:01Z,UCIf54-aXt1pqliaehOHX-ow,007 - James Bond (Piano Version),"Arranged by: @PatrikPietschmann 
Performed by: RB Music",https://i.ytimg.com/vi/6y-cRaFsVQA/default.jpg,120,90,https://i.ytimg.com/vi/6y-cRaFsVQA/mqdefault.jpg,320,180,https://i.ytimg.com/vi/6y-cRaFsVQA/hqdefault.jpg,480,360,https://i.ytimg.com/vi/6y-cRaFsVQA/sddefault.jpg,640,480,https://i.ytimg.com/vi/6y-cRaFsVQA/maxresdefault.jpg,1280.0,720.0,RB Music Piano,10,none,007 - James Bond (Piano Version),"Arranged by: @PatrikPietschmann 
Performed by: RB Music",83528,1361,0,43,
youtube#video,EnQa9gjVq-BdPletNEKX2C1drk8,0mpqkacPcso,UCIf54-aXt1pqliaehOHX-ow,2022-08-09T20:13:19Z,UCIf54-aXt1pqliaehOHX-ow,Pirates Of The Caribbean - Davy Jones (Piano Version),"Played by: @RBMusicPiano  
Built off the arrangement of @PatrikPietschmann",https://i.ytimg.com/vi/0mpqkacPcso/default.jpg,120,90,https://i.ytimg.com/vi/0mpqkacPcso/mqdefault.jpg,320,180,https://i.ytimg.com/vi/0mpqkacPcso/hqdefault.jpg,480,360,https://i.ytimg.com/vi/0mpqkacPcso/sddefault.jpg,640,480,https://i.ytimg.com/vi/0mpqkacPcso/maxresdefault.jpg,1280.0,720.0,RB Music Piano,10,none,Pirates Of The Caribbean - Davy Jones (Piano Version),"Played by: @RBMusicPiano  
Built off the arrangement of @PatrikPietschmann",90206,1620,0,46,
youtube#video,KigzCmhsHtOaFNWwn9S3WHdC7-0,PCzbggIUhro,UCIf54-aXt1pqliaehOHX-ow,2022-05-04T09:29:34Z,UCIf54-aXt1pqliaehOHX-ow,Game of Thrones - Light of The Seven (Piano Version),"From: Game of Thrones Season 6 
Composed by: Ramin Djawadi
Arranged by @PatrikPietschmann 
Revisited by: RB Music",https://i.ytimg.com/vi/PCzbggIUhro/default.jpg,120,90,https://i.ytimg.com/vi/PCzbggIUhro/mqdefault.jpg,320,180,https://i.ytimg.com/vi/PCzbggIUhro/hqdefault.jpg,480,360,https://i.ytimg.com/vi/PCzbggIUhro/sddefault.jpg,640,480,https://i.ytimg.com/vi/PCzbggIUhro/maxresdefault.jpg,1280.0,720.0,RB Music Piano,10,none,Game of Thrones - Light of The Seven (Piano Version),"From: Game of Thrones Season 6 
Composed by: Ramin Djawadi
Arranged by @PatrikPietschmann 
Revisited by: RB Music",4030,94,0,3,
youtube#video,VEwol5TlY4nlPDRAM0PbeMefRL8,4ahL20nP5dw,UCIf54-aXt1pqliaehOHX-ow,2022-03-27T18:05:33Z,UCIf54-aXt1pqliaehOHX-ow,SPIDER-MAN - TOM x ANDREW x TOBEY (Piano Medley),"Arranged by: @PatrikPietschmann 
Played by: RB Music",https://i.ytimg.com/vi/4ahL20nP5dw/default.jpg,120,90,https://i.ytimg.com/vi/4ahL20nP5dw/mqdefault.jpg,320,180,https://i.ytimg.com/vi/4ahL20nP5dw/hqdefault.jpg,480,360,https://i.ytimg.com/vi/4ahL20nP5dw/sddefault.jpg,640,480,,,,RB Music Piano,10,none,SPIDER-MAN - TOM x ANDREW x TOBEY (Piano Medley),"Arranged by: @PatrikPietschmann 
Played by: RB Music",5385,136,0,7,
youtube#video,iFcJbunPSTEOKyePiRo6qa8HySc,R6qMr1rmK_U,UCIf54-aXt1pqliaehOHX-ow,2021-12-12T12:58:44Z,UCIf54-aXt1pqliaehOHX-ow,Ti√´sto & Oliver Heldens vs Hardwell & Black Eyed Peas - ‚ÄúHands on Fire‚Äù,"1. DJ Ti√´sto - Adagio x Strings 
2. Ti√´sto & Oliver Heldens - Wombass 
3. Hardwell - Spaceman vs Rocket 
4. Oliver Heldens - Melody 
5. Black Eyed Peas - I Gotta Feeling

Arranged by: RB Music",https://i.ytimg.com/vi/R6qMr1rmK_U/default.jpg,120,90,https://i.ytimg.com/vi/R6qMr1rmK_U/mqdefault.jpg,320,180,https://i.ytimg.com/vi/R6qMr1rmK_U/hqdefault.jpg,480,360,https://i.ytimg.com/vi/R6qMr1rmK_U/sddefault.jpg,640,480,https://i.ytimg.com/vi/R6qMr1rmK_U/maxresdefault.jpg,1280.0,720.0,RB Music Piano,10,none,Ti√´sto & Oliver Heldens vs Hardwell & Black Eyed Peas - ‚ÄúHands on Fire‚Äù,"1. DJ Ti√´sto - Adagio x Strings 
2. Ti√´sto & Oliver Heldens - Wombass 
3. Hardwell - Spaceman vs Rocket 
4. Oliver Heldens - Melody 
5. Black Eyed Peas - I Gotta Feeling

Arranged by: RB Music",1827,35,0,6,
youtube#video,VJTwcDXLgvO00crM5zsMjXdW3sA,m-vZgssnL5A,UCIf54-aXt1pqliaehOHX-ow,2021-11-30T21:07:56Z,UCIf54-aXt1pqliaehOHX-ow,The Lion King - Piano Cover,"Headphones Recommended
Composed by: Hans Zimmer 
Arranged by: @PatrikPietschmann
Played by: @RBMusicPiano",https://i.ytimg.com/vi/m-vZgssnL5A/default.jpg,120,90,https://i.ytimg.com/vi/m-vZgssnL5A/mqdefault.jpg,320,180,https://i.ytimg.com/vi/m-vZgssnL5A/hqdefault.jpg,480,360,https://i.ytimg.com/vi/m-vZgssnL5A/sddefault.jpg,640,480,https://i.ytimg.com/vi/m-vZgssnL5A/maxresdefault.jpg,1280.0,720.0,RB Music Piano,10,none,The Lion King - Piano Cover,"Headphones Recommended
Composed by: Hans Zimmer 
Arranged by: @PatrikPietschmann
Played by: @RBMusicPiano",23922,359,0,10,
youtube#video,9UNVmZ6NQjeJtsuteuOO1RLGvb8,uJqBcTJyUIc,UCIf54-aXt1pqliaehOHX-ow,2021-11-07T22:24:04Z,UCIf54-aXt1pqliaehOHX-ow,Two Steps From Hell - Blackheart (Piano Version),"Played by: @RBMusicPiano 
Arranged by: @PatrikPietschmann",https://i.ytimg.com/vi/uJqBcTJyUIc/default.jpg,120,90,https://i.ytimg.com/vi/uJqBcTJyUIc/mqdefault.jpg,320,180,https://i.ytimg.com/vi/uJqBcTJyUIc/hqdefault.jpg,480,360,https://i.ytimg.com/vi/uJqBcTJyUIc/sddefault.jpg,640,480,https://i.ytimg.com/vi/uJqBcTJyUIc/maxresdefault.jpg,1280.0,720.0,RB Music Piano,10,none,Two Steps From Hell - Blackheart (Piano Version),"Played by: @RBMusicPiano 
Arranged by: @PatrikPietschmann",3892,99,0,4,
youtube#video,T-D71vNpbcpr9RRJH09RqULQQxY,luNDanZq28I,UCIf54-aXt1pqliaehOHX-ow,2021-10-26T14:48:08Z,UCIf54-aXt1pqliaehOHX-ow,Billie Eilish - No Time To Die (Piano Cover),"Arranged by: @PatrikPietschmann 
Played by: @RBMusicPiano",https://i.ytimg.com/vi/luNDanZq28I/default.jpg,120,90,https://i.ytimg.com/vi/luNDanZq28I/mqdefault.jpg,320,180,https://i.ytimg.com/vi/luNDanZq28I/hqdefault.jpg,480,360,https://i.ytimg.com/vi/luNDanZq28I/sddefault.jpg,640,480,https://i.ytimg.com/vi/luNDanZq28I/maxresdefault.jpg,1280.0,720.0,RB Music Piano,10,none,Billie Eilish - No Time To Die (Piano Cover),"Arranged by: @PatrikPietschmann 
Played by: @RBMusicPiano",4600,142,0,7,
